Person 1,Person 2,Anniversary
Charles Nguyen,Andrew Ball,2001-10-28
Angela Wright,Caroline Wood,2012-03-07
Johnny Ward,Alexis Spencer,2011-08-09
Elizabeth Conley,Michael Johnson,2019-05-22
Brenda Ritter,Kaylee Johnston,2018-01-01
Jessica Bond,Jacob Davis,1984-03-31
Alexis Watkins,Mary White,2018-04-05
Alyssa Hammond,Miss Sarah Flynn,2008-12-29
Kathy Cain,Thomas Smith,2008-12-20
Andrew Nichols,Brian Bright,2013-05-10
Sarah Guzman,Adam Woods,1999-06-27
Michael Johnson,Michael Wilcox,2016-04-07
Daniel Gillespie,Alan Scott,2008-12-28
Amber Thomas,Daniel Gillespie,2012-09-28
Mary Silva,Carol Scott,2022-06-05
Jaime Ellis,Vanessa Mccoy,1997-04-11
Steven Gomez,Kristen Ramos,1989-05-28
Daniel Gillespie,Thomas Smith,2018-04-05
Dawn Anderson,David Foster,1992-07-14
